genome	name1	name2	coverage_overlap	compared_bases_count	consensus_SNPs	population_SNPs	popANI	conANI	percent_compared
AmatoKR_2018__qiita_sid_11212_11212.JB1__bin.7.fa	ACI_15Aug23.sorted.bam	BAC_08Aug23.sorted.bam	0.4251397687288946	56902	78	26	0.9995430740571509	0.9986292221714527	0.041716427703719666
AmatoKR_2018__qiita_sid_11212_11212.JB1__bin.7.fa	ACI_15Aug23.sorted.bam	EMC_17Aug23.sorted.bam	0.42058684390123946	66773	110	38	0.999430907702215	0.9983526275590433	0.0489531304182713
AmatoKR_2018__qiita_sid_11212_11212.JB1__bin.7.fa	ACI_15Aug23.sorted.bam	ETU_12Sep23.sorted.bam	0.4039404018638884	29304	28	9	0.9996928746928747	0.999044499044499	0.021483571709778236
AmatoKR_2018__qiita_sid_11212_11212.JB1__bin.7.fa	ACI_15Aug23.sorted.bam	GOB_07Sep23.sorted.bam	0.40470158286902724	67539	104	21	0.999689068538178	0.9984601489509765	0.049514706173447734
AmatoKR_2018__qiita_sid_11212_11212.JB1__bin.7.fa	ACI_15Aug23.sorted.bam	GOB_14Aug23.sorted.bam	0.3994278270904717	38483	56	18	0.9995322609983629	0.9985448119949069	0.028212950112864996
AmatoKR_2018__qiita_sid_11212_11212.JB1__bin.7.fa	ACI_15Aug23.sorted.bam	IGL_07Sep23.sorted.bam	0.4233857687804961	60276	77	37	0.9993861570110824	0.9987225429690092	0.044190000285919774
AmatoKR_2018__qiita_sid_11212_11212.JB1__bin.7.fa	ACI_15Aug23.sorted.bam	IKO_12Sep23.sorted.bam	0.4110081457601555	44542	33	4	0.9999101971173274	0.9992591262179515	0.0326549703486535
AmatoKR_2018__qiita_sid_11212_11212.JB1__bin.7.fa	ACI_15Aug23.sorted.bam	INT_07Sep23.sorted.bam	0.41326540626262587	69895	52	9	0.9998712354245655	0.999256026897489	0.051241954840805
AmatoKR_2018__qiita_sid_11212_11212.JB1__bin.7.fa	ACI_15Aug23.sorted.bam	RUE_17Aug23.sorted.bam	0.44591360912347816	52073	63	37	0.9992894590286713	0.9987901599677376	0.03817615443773144
AmatoKR_2018__qiita_sid_11212_11212.JB1__bin.7.fa	ACI_15Aug23.sorted.bam	RUI_04Sep23.sorted.bam	0.42930657868359295	53517	75	30	0.9994394304613488	0.9985985761533718	0.03923479071772461
AmatoKR_2018__qiita_sid_11212_11212.JB1__bin.7.fa	ACI_15Aug23.sorted.bam	RWA_11Aug23.sorted.bam	0.42559774467130174	57141	68	10	0.9998249943123152	0.998809961323743	0.041891645204355656
AmatoKR_2018__qiita_sid_11212_11212.JB1__bin.7.fa	ACI_15Aug23.sorted.bam	TAK_07Sep23.sorted.bam	0.3925025179106993	31365	74	54	0.9982783357245337	0.9976406822891758	0.02299454772990699
AmatoKR_2018__qiita_sid_11212_11212.JB1__bin.7.fa	ACI_15Aug23.sorted.bam	TAS_15Aug23.sorted.bam	0.4363656539312717	37727	39	8	0.9997879502743393	0.9989662575874042	0.027658705633865802
AmatoKR_2018__qiita_sid_11212_11212.JB1__bin.7.fa	ACI_15Aug23.sorted.bam	UJA_07Sep23.sorted.bam	0.41877962754363807	33424	28	6	0.9998204882719004	0.999162278602202	0.024504057494800294
AmatoKR_2018__qiita_sid_11212_11212.JB1__bin.7.fa	ACI_15Aug23.sorted.bam	UKR_12Sep23.sorted.bam	0.4308144049629393	63550	64	24	0.9996223446105429	0.9989929189614477	0.046590260106347495
AmatoKR_2018__qiita_sid_11212_11212.JB1__bin.7.fa	ACI_15Aug23.sorted.bam	UNA_15Aug23.sorted.bam	0.3016779677817883	82261	100	63	0.9992341449775713	0.9987843571072562	0.060307810961577515
AmatoKR_2018__qiita_sid_11212_11212.JB1__bin.7.fa	ACI_15Aug23.sorted.bam	UND_12Sep23.sorted.bam	0.3809684200135085	31012	57	37	0.998806913452857	0.9981620018057527	0.022735753680850488
AmatoKR_2018__qiita_sid_11212_11212.JB1__bin.7.fa	ACI_15Aug23.sorted.bam	VIY_27Jul23.sorted.bam	0.3893035823818274	33474	37	12	0.9996415128159168	0.9988946645157436	0.024540713875686484
AmatoKR_2018__qiita_sid_11212_11212.JB1__bin.7.fa	ACI_15Aug23.sorted.bam	XBO_28Jul23.sorted.bam	0.401524882140528	54310	43	11	0.9997974590314859	0.9992082489412631	0.03981616091857958
AmatoKR_2018__qiita_sid_11212_11212.JB1__bin.7.fa	ACI_15Aug23.sorted.bam	YAP_26Jul23.sorted.bam	0.4170106751777686	37500	56	30	0.9992	0.9985066666666667	0.027492285664642502
AmatoKR_2018__qiita_sid_11212_11212.JB1__bin.7.fa	ACI_15Aug23.sorted.bam	YEE_09Aug23.sorted.bam	0.4061090526330944	61667	86	33	0.9994648677574716	0.9986054129437139	0.045209780802173576
AmatoKR_2018__qiita_sid_11212_11212.JB1__bin.7.fa	ACI_15Aug23.sorted.bam	YEE_11Sep23.sorted.bam	0.39746850384842364	31229	61	29	0.9990713759646482	0.9980466873739152	0.02289484237389655
AmatoKR_2018__qiita_sid_11212_11212.JB1__bin.7.fa	ACI_15Aug23.sorted.bam	YIL_08Sep23.sorted.bam	0.40390137558009626	43053	63	13	0.9996980465937333	0.9985366873388614	0.03156334332586276
AmatoKR_2018__qiita_sid_11212_11212.JB1__bin.7.fa	ACI_15Aug23.sorted.bam	YIL_09Aug23.sorted.bam	0.371296646932646	73965	126	23	0.9996890421145136	0.9982964915838572	0.05422578424494087
AmatoKR_2018__qiita_sid_11212_11212.JB1__bin.7.fa	ACI_15Aug23.sorted.bam	YOD_19Aug23.sorted.bam	0.4091067995619577	46992	68	12	0.9997446373850868	0.9985529451821586	0.034451133012076814
AmatoKR_2018__qiita_sid_11212_11212.JB1__bin.7.fa	BAC_08Aug23.sorted.bam	EMC_17Aug23.sorted.bam	0.5651332238244932	120269	180	55	0.9995426917992167	0.9985033549792548	0.0881725254560237
AmatoKR_2018__qiita_sid_11212_11212.JB1__bin.7.fa	BAC_08Aug23.sorted.bam	ETU_12Sep23.sorted.bam	0.40647308182147607	48100	63	25	0.9994802494802495	0.9986902286902287	0.03526343841251478
AmatoKR_2018__qiita_sid_11212_11212.JB1__bin.7.fa	BAC_08Aug23.sorted.bam	GOB_07Sep23.sorted.bam	0.5594834709870083	125606	256	73	0.9994188175724089	0.9979618808018725	0.09208522755181563
AmatoKR_2018__qiita_sid_11212_11212.JB1__bin.7.fa	BAC_08Aug23.sorted.bam	GOB_14Aug23.sorted.bam	0.4628178099003211	68875	126	41	0.999404718693285	0.9981705989110707	0.050494164670726725
AmatoKR_2018__qiita_sid_11212_11212.JB1__bin.7.fa	BAC_08Aug23.sorted.bam	IGL_07Sep23.sorted.bam	0.546295245060053	108638	162	59	0.9994569119460962	0.998508809072332	0.07964551813427818
AmatoKR_2018__qiita_sid_11212_11212.JB1__bin.7.fa	BAC_08Aug23.sorted.bam	IKO_12Sep23.sorted.bam	0.46399446490029517	76352	95	27	0.9996463746856664	0.9987557627829002	0.05597575986844758
AmatoKR_2018__qiita_sid_11212_11212.JB1__bin.7.fa	BAC_08Aug23.sorted.bam	INT_07Sep23.sorted.bam	0.5807822529583658	131089	163	57	0.9995651809076277	0.9987565699639176	0.09610496627979523
AmatoKR_2018__qiita_sid_11212_11212.JB1__bin.7.fa	BAC_08Aug23.sorted.bam	RUI_04Sep23.sorted.bam	0.5256241349639671	93525	133	31	0.9996685378241112	0.9985779203421545	0.0685657604476184
AmatoKR_2018__qiita_sid_11212_11212.JB1__bin.7.fa	BAC_08Aug23.sorted.bam	TAK_07Sep23.sorted.bam	0.41202495615534535	50844	137	109	0.997856187554087	0.9973054834395405	0.037275140595548886
AmatoKR_2018__qiita_sid_11212_11212.JB1__bin.7.fa	BAC_08Aug23.sorted.bam	TAS_15Aug23.sorted.bam	0.46600660469667105	62044	77	26	0.9995809425568951	0.9987589452646509	0.04548616991405545
AmatoKR_2018__qiita_sid_11212_11212.JB1__bin.7.fa	BAC_08Aug23.sorted.bam	UJA_07Sep23.sorted.bam	0.39981802453782317	53396	80	38	0.9992883362049592	0.998501760431493	0.03914608227598003
AmatoKR_2018__qiita_sid_11212_11212.JB1__bin.7.fa	BAC_08Aug23.sorted.bam	UKR_12Sep23.sorted.bam	0.5685328858516759	113069	148	60	0.9994693505735436	0.9986910647480742	0.08289400660841234
AmatoKR_2018__qiita_sid_11212_11212.JB1__bin.7.fa	BAC_08Aug23.sorted.bam	UNA_15Aug23.sorted.bam	0.4526445116647373	163985	269	163	0.9990060066469494	0.9983596060615301	0.12022193239243735
AmatoKR_2018__qiita_sid_11212_11212.JB1__bin.7.fa	BAC_08Aug23.sorted.bam	UND_12Sep23.sorted.bam	0.4106167827178569	51102	94	54	0.9989432898908066	0.9981605416617745	0.03746428752092163
AmatoKR_2018__qiita_sid_11212_11212.JB1__bin.7.fa	BAC_08Aug23.sorted.bam	VIY_27Jul23.sorted.bam	0.40552204456550384	56981	154	82	0.9985609238167108	0.9972973447289447	0.04177434478551985
AmatoKR_2018__qiita_sid_11212_11212.JB1__bin.7.fa	BAC_08Aug23.sorted.bam	XBO_28Jul23.sorted.bam	0.5151923693468584	99917	120	58	0.9994195182001061	0.9987990031726333	0.07325191218010893
AmatoKR_2018__qiita_sid_11212_11212.JB1__bin.7.fa	BAC_08Aug23.sorted.bam	YAP_26Jul23.sorted.bam	0.4415783305858116	63742	134	67	0.9989488877035549	0.9978977754071099	0.046731020608950465
AmatoKR_2018__qiita_sid_11212_11212.JB1__bin.7.fa	BAC_08Aug23.sorted.bam	YEE_09Aug23.sorted.bam	0.5453931034491241	114289	227	92	0.9991950231430846	0.9980138071030458	0.08378842230203538
AmatoKR_2018__qiita_sid_11212_11212.JB1__bin.7.fa	BAC_08Aug23.sorted.bam	YEE_11Sep23.sorted.bam	0.39904256793983206	52667	122	50	0.9990506389200068	0.9976835589648166	0.03861163224265938
AmatoKR_2018__qiita_sid_11212_11212.JB1__bin.7.fa	BAC_08Aug23.sorted.bam	YIL_08Sep23.sorted.bam	0.4745262076805534	74250	104	27	0.9996363636363637	0.9985993265993266	0.05443472561599215
AmatoKR_2018__qiita_sid_11212_11212.JB1__bin.7.fa	BAC_08Aug23.sorted.bam	YIL_09Aug23.sorted.bam	0.5400134577898223	142833	303	46	0.9996779455728018	0.9978786414904118	0.10471481702234353
AmatoKR_2018__qiita_sid_11212_11212.JB1__bin.7.fa	BAC_08Aug23.sorted.bam	YOD_19Aug23.sorted.bam	0.5095163132779814	87803	144	50	0.9994305433755111	0.9983599649214719	0.06437080421900282
AmatoKR_2018__qiita_sid_11212_11212.JB1__bin.7.fa	EAR_18Aug23.sorted.bam	ACI_15Aug23.sorted.bam	0.3483055690479051	80054	116	23	0.9997126939315961	0.9985509780897894	0.05868979830926109
AmatoKR_2018__qiita_sid_11212_11212.JB1__bin.7.fa	EAR_18Aug23.sorted.bam	BAC_08Aug23.sorted.bam	0.5169271896593599	153607	262	64	0.9995833523211832	0.998294348564844	0.11261353397569976
AmatoKR_2018__qiita_sid_11212_11212.JB1__bin.7.fa	EAR_18Aug23.sorted.bam	EMC_17Aug23.sorted.bam	0.5976885318106039	192362	247	41	0.9997868601906822	0.9987159626121583	0.1410258948005856
AmatoKR_2018__qiita_sid_11212_11212.JB1__bin.7.fa	EAR_18Aug23.sorted.bam	ETU_12Sep23.sorted.bam	0.3138293598142168	65445	85	17	0.999740239896096	0.9987011994804798	0.047979536941934096
AmatoKR_2018__qiita_sid_11212_11212.JB1__bin.7.fa	EAR_18Aug23.sorted.bam	GOB_07Sep23.sorted.bam	0.6080160468123899	205267	299	35	0.9998294903710777	0.9985433605986349	0.15048690670731127
AmatoKR_2018__qiita_sid_11212_11212.JB1__bin.7.fa	EAR_18Aug23.sorted.bam	GOB_14Aug23.sorted.bam	0.39250387426464667	105693	163	18	0.9998296954386762	0.9984577975835675	0.0774864573000816
AmatoKR_2018__qiita_sid_11212_11212.JB1__bin.7.fa	EAR_18Aug23.sorted.bam	IGL_07Sep23.sorted.bam	0.549470673419968	170290	278	64	0.9996241705326209	0.9983674907510717	0.12484430202218591
AmatoKR_2018__qiita_sid_11212_11212.JB1__bin.7.fa	EAR_18Aug23.sorted.bam	IKO_12Sep23.sorted.bam	0.39098633909767117	113269	178	21	0.9998146006409521	0.9984285197185461	0.0830406321319571
AmatoKR_2018__qiita_sid_11212_11212.JB1__bin.7.fa	EAR_18Aug23.sorted.bam	INT_07Sep23.sorted.bam	0.6344548575006618	211358	285	53	0.9997492406249113	0.9986515769452777	0.15495238702686692
AmatoKR_2018__qiita_sid_11212_11212.JB1__bin.7.fa	EAR_18Aug23.sorted.bam	RUE_17Aug23.sorted.bam	0.48085787761114657	128654	286	105	0.9991838574781974	0.997776983226328	0.09431980053063777
AmatoKR_2018__qiita_sid_11212_11212.JB1__bin.7.fa	EAR_18Aug23.sorted.bam	RUI_04Sep23.sorted.bam	0.4728672881793184	136612	217	36	0.9997364799578368	0.9984115597458496	0.10015403011248378
AmatoKR_2018__qiita_sid_11212_11212.JB1__bin.7.fa	EAR_18Aug23.sorted.bam	RWA_11Aug23.sorted.bam	0.5091257575267129	151437	195	17	0.9998877420973739	0.9987123358228174	0.1110226470452391
AmatoKR_2018__qiita_sid_11212_11212.JB1__bin.7.fa	EAR_18Aug23.sorted.bam	TAK_07Sep23.sorted.bam	0.34515736634877725	74927	192	89	0.9988121771857942	0.9974375058390167	0.054931053013191164
AmatoKR_2018__qiita_sid_11212_11212.JB1__bin.7.fa	EAR_18Aug23.sorted.bam	TAS_15Aug23.sorted.bam	0.35167283554765455	83470	98	25	0.9997004911944412	0.9988259254822092	0.06119416225140559
AmatoKR_2018__qiita_sid_11212_11212.JB1__bin.7.fa	EAR_18Aug23.sorted.bam	UJA_07Sep23.sorted.bam	0.3348163822585475	79411	101	10	0.9998740728614424	0.998728135900568	0.05821839725106469
AmatoKR_2018__qiita_sid_11212_11212.JB1__bin.7.fa	EAR_18Aug23.sorted.bam	UKR_12Sep23.sorted.bam	0.5450781601034794	172005	327	115	0.999331414784454	0.998098892474056	0.12610161588658222
AmatoKR_2018__qiita_sid_11212_11212.JB1__bin.7.fa	EAR_18Aug23.sorted.bam	UNA_15Aug23.sorted.bam	0.7269262053664014	330143	498	162	0.9995093035442217	0.9984915627470521	0.2420369510981885
AmatoKR_2018__qiita_sid_11212_11212.JB1__bin.7.fa	EAR_18Aug23.sorted.bam	UND_12Sep23.sorted.bam	0.32692185464685974	72378	126	30	0.9995855094089364	0.998259139517533	0.0530623107156132
AmatoKR_2018__qiita_sid_11212_11212.JB1__bin.7.fa	EAR_18Aug23.sorted.bam	VIY_27Jul23.sorted.bam	0.33058051797475546	83331	238	106	0.9987279643830027	0.9971439200297608	0.06109225751254198
AmatoKR_2018__qiita_sid_11212_11212.JB1__bin.7.fa	EAR_18Aug23.sorted.bam	XBO_28Jul23.sorted.bam	0.5106023817126473	156802	177	27	0.9998278083187715	0.9988711878675017	0.11495587671432729
AmatoKR_2018__qiita_sid_11212_11212.JB1__bin.7.fa	EAR_18Aug23.sorted.bam	YAP_26Jul23.sorted.bam	0.37389993291691725	92170	144	31	0.999663664966909	0.9984376695237062	0.06757237252560265
AmatoKR_2018__qiita_sid_11212_11212.JB1__bin.7.fa	EAR_18Aug23.sorted.bam	YEE_09Aug23.sorted.bam	0.5546010666504767	183833	323	54	0.9997062551337355	0.9982429705221587	0.13477304934901932
AmatoKR_2018__qiita_sid_11212_11212.JB1__bin.7.fa	EAR_18Aug23.sorted.bam	YEE_11Sep23.sorted.bam	0.30534703590705736	72205	170	52	0.9992798282667406	0.9976455924104979	0.05293547963774698
AmatoKR_2018__qiita_sid_11212_11212.JB1__bin.7.fa	EAR_18Aug23.sorted.bam	YIL_08Sep23.sorted.bam	0.41239950467330655	110875	173	25	0.9997745208568207	0.9984396843291995	0.08128552461512632
AmatoKR_2018__qiita_sid_11212_11212.JB1__bin.7.fa	EAR_18Aug23.sorted.bam	YIL_09Aug23.sorted.bam	0.686003862230523	251199	494	75	0.999701431932452	0.9980334316617503	0.18416092444460083
AmatoKR_2018__qiita_sid_11212_11212.JB1__bin.7.fa	EAR_18Aug23.sorted.bam	YOD_19Aug23.sorted.bam	0.4481231711698606	130556	263	40	0.9996936180642789	0.997985538772634	0.09571420925954843
AmatoKR_2018__qiita_sid_11212_11212.JB1__bin.7.fa	EMC_17Aug23.sorted.bam	ETU_12Sep23.sorted.bam	0.3889159581482029	54923	90	34	0.9993809515139377	0.9983613422427763	0.04026556814824427
AmatoKR_2018__qiita_sid_11212_11212.JB1__bin.7.fa	EMC_17Aug23.sorted.bam	GOB_07Sep23.sorted.bam	0.6056178288870583	149196	239	63	0.9995777366685434	0.99839808037749	0.10937970805392007
AmatoKR_2018__qiita_sid_11212_11212.JB1__bin.7.fa	EMC_17Aug23.sorted.bam	GOB_14Aug23.sorted.bam	0.4594068601513163	81377	145	32	0.9996067684972413	0.9982181697531244	0.059659726147509674
AmatoKR_2018__qiita_sid_11212_11212.JB1__bin.7.fa	EMC_17Aug23.sorted.bam	IGL_07Sep23.sorted.bam	0.5759324436336857	129355	194	67	0.9994820455336091	0.9985002512465695	0.09483372299066216
AmatoKR_2018__qiita_sid_11212_11212.JB1__bin.7.fa	EMC_17Aug23.sorted.bam	IKO_12Sep23.sorted.bam	0.45292119021850186	87429	135	50	0.9994281073785586	0.9984558899221082	0.06409661448997411
AmatoKR_2018__qiita_sid_11212_11212.JB1__bin.7.fa	EMC_17Aug23.sorted.bam	INT_07Sep23.sorted.bam	0.6302814164500133	155886	200	63	0.9995958585119895	0.9987170111491731	0.1142843318164923
AmatoKR_2018__qiita_sid_11212_11212.JB1__bin.7.fa	EMC_17Aug23.sorted.bam	RUI_04Sep23.sorted.bam	0.5384130477436839	107898	146	38	0.9996478155294816	0.9986468701922185	0.07910300369716258
AmatoKR_2018__qiita_sid_11212_11212.JB1__bin.7.fa	EMC_17Aug23.sorted.bam	TAK_07Sep23.sorted.bam	0.40783093077023747	60591	155	94	0.9984486144806984	0.9974418643032794	0.044420935485502765
AmatoKR_2018__qiita_sid_11212_11212.JB1__bin.7.fa	EMC_17Aug23.sorted.bam	UJA_07Sep23.sorted.bam	0.40147893556085457	62724	109	60	0.9990434283527836	0.9982622281742236	0.04598469669410763
AmatoKR_2018__qiita_sid_11212_11212.JB1__bin.7.fa	EMC_17Aug23.sorted.bam	UKR_12Sep23.sorted.bam	0.5772273288175969	130223	211	103	0.9992090490927102	0.9983797025103093	0.09547007776284641
AmatoKR_2018__qiita_sid_11212_11212.JB1__bin.7.fa	EMC_17Aug23.sorted.bam	UNA_15Aug23.sorted.bam	0.5260199885808232	203940	279	133	0.9993478474060998	0.9986319505736981	0.14951404635859178
AmatoKR_2018__qiita_sid_11212_11212.JB1__bin.7.fa	EMC_17Aug23.sorted.bam	UND_12Sep23.sorted.bam	0.39319879227183524	58752	86	43	0.9992681100217865	0.998536220043573	0.0430727137965087
AmatoKR_2018__qiita_sid_11212_11212.JB1__bin.7.fa	EMC_17Aug23.sorted.bam	VIY_27Jul23.sorted.bam	0.40022304746260495	66301	181	50	0.9992458635616356	0.9972700260931208	0.04860709418270567
AmatoKR_2018__qiita_sid_11212_11212.JB1__bin.7.fa	EMC_17Aug23.sorted.bam	XBO_28Jul23.sorted.bam	0.5368209260000625	118526	142	73	0.9993841013786005	0.9988019506268667	0.08689468401833113
AmatoKR_2018__qiita_sid_11212_11212.JB1__bin.7.fa	EMC_17Aug23.sorted.bam	YAP_26Jul23.sorted.bam	0.4530893348846343	72894	93	28	0.9996158805937388	0.9987241748292041	0.05344060456635868
AmatoKR_2018__qiita_sid_11212_11212.JB1__bin.7.fa	EMC_17Aug23.sorted.bam	YEE_09Aug23.sorted.bam	0.5669931889240922	134442	175	60	0.9995537108939171	0.9986983234405915	0.09856314318202312
AmatoKR_2018__qiita_sid_11212_11212.JB1__bin.7.fa	EMC_17Aug23.sorted.bam	YEE_11Sep23.sorted.bam	0.38445044458463684	59606	141	54	0.9990940509344697	0.9976344663288931	0.043698804782044826
AmatoKR_2018__qiita_sid_11212_11212.JB1__bin.7.fa	EMC_17Aug23.sorted.bam	YIL_08Sep23.sorted.bam	0.46925110505123285	87702	150	31	0.9996465302957743	0.9982896627214887	0.06429675832961271
AmatoKR_2018__qiita_sid_11212_11212.JB1__bin.7.fa	EMC_17Aug23.sorted.bam	YIL_09Aug23.sorted.bam	0.5998587735790094	173110	354	68	0.9996071861821962	0.9979550574779043	0.12691172190416702
AmatoKR_2018__qiita_sid_11212_11212.JB1__bin.7.fa	EMC_17Aug23.sorted.bam	YOD_19Aug23.sorted.bam	0.4987637483070541	99817	184	41	0.9995892483244337	0.9981566266267269	0.07317859941833654
AmatoKR_2018__qiita_sid_11212_11212.JB1__bin.7.fa	GOB_07Sep23.sorted.bam	ETU_12Sep23.sorted.bam	0.3856509923277371	56970	100	25	0.9995611725469545	0.9982446901878181	0.04176628038172489
AmatoKR_2018__qiita_sid_11212_11212.JB1__bin.7.fa	GOB_07Sep23.sorted.bam	GOB_14Aug23.sorted.bam	0.45477916229152865	86345	141	13	0.9998494411952052	0.9983670160403034	0.06330190415236152
AmatoKR_2018__qiita_sid_11212_11212.JB1__bin.7.fa	GOB_07Sep23.sorted.bam	IGL_07Sep23.sorted.bam	0.5775811345438226	136278	270	78	0.9994276405582706	0.998018755778629	0.09990916548816402
AmatoKR_2018__qiita_sid_11212_11212.JB1__bin.7.fa	GOB_07Sep23.sorted.bam	IKO_12Sep23.sorted.bam	0.4487985343117007	91560	162	37	0.9995958934032328	0.9982306684141546	0.06712516467879114
AmatoKR_2018__qiita_sid_11212_11212.JB1__bin.7.fa	GOB_07Sep23.sorted.bam	INT_07Sep23.sorted.bam	0.6317556219883599	165013	287	73	0.9995576106124971	0.9982607430929684	0.12097558758345742
AmatoKR_2018__qiita_sid_11212_11212.JB1__bin.7.fa	GOB_07Sep23.sorted.bam	RUI_04Sep23.sorted.bam	0.5323156318209264	113580	215	50	0.9995597816516992	0.9981070611023067	0.0832686348210692
AmatoKR_2018__qiita_sid_11212_11212.JB1__bin.7.fa	GOB_07Sep23.sorted.bam	UKR_12Sep23.sorted.bam	0.5870208241913332	139327	282	103	0.9992607319471459	0.9979759845543218	0.10214447159460388
AmatoKR_2018__qiita_sid_11212_11212.JB1__bin.7.fa	GOB_07Sep23.sorted.bam	UND_12Sep23.sorted.bam	0.3907449548395679	61541	74	23	0.9996262654165515	0.9987975496010789	0.04511740672234038
AmatoKR_2018__qiita_sid_11212_11212.JB1__bin.7.fa	GOB_07Sep23.sorted.bam	YEE_11Sep23.sorted.bam	0.3685670944157198	61340	149	42	0.9993152918161069	0.9975709162047603	0.044970048071177895
AmatoKR_2018__qiita_sid_11212_11212.JB1__bin.7.fa	GOB_07Sep23.sorted.bam	YIL_08Sep23.sorted.bam	0.46830769257308186	92001	148	25	0.9997282638232193	0.9983913218334584	0.06744847395820733
AmatoKR_2018__qiita_sid_11212_11212.JB1__bin.7.fa	GOB_14Aug23.sorted.bam	ETU_12Sep23.sorted.bam	0.37407696894218323	33366	55	17	0.9994904993106756	0.9983516154168914	0.024461536092972313
AmatoKR_2018__qiita_sid_11212_11212.JB1__bin.7.fa	GOB_14Aug23.sorted.bam	IGL_07Sep23.sorted.bam	0.4606018192885471	75381	143	44	0.9994162985367666	0.9981029702444913	0.05526389295163777
AmatoKR_2018__qiita_sid_11212_11212.JB1__bin.7.fa	GOB_14Aug23.sorted.bam	IKO_12Sep23.sorted.bam	0.3936801686898797	50441	83	24	0.9995241965861105	0.9983545131936321	0.0369796901656062
AmatoKR_2018__qiita_sid_11212_11212.JB1__bin.7.fa	GOB_14Aug23.sorted.bam	INT_07Sep23.sorted.bam	0.4630778457257773	89129	142	39	0.9995624319806123	0.9984068036217169	0.06534293144010457
AmatoKR_2018__qiita_sid_11212_11212.JB1__bin.7.fa	GOB_14Aug23.sorted.bam	RUI_04Sep23.sorted.bam	0.4611062642357656	65285	121	29	0.9995557938270659	0.9981465880370682	0.04786223652309828
AmatoKR_2018__qiita_sid_11212_11212.JB1__bin.7.fa	GOB_14Aug23.sorted.bam	UKR_12Sep23.sorted.bam	0.4517248810870176	74918	161	57	0.9992391681571852	0.9978509837422248	0.05492445486463165
AmatoKR_2018__qiita_sid_11212_11212.JB1__bin.7.fa	GOB_14Aug23.sorted.bam	UND_12Sep23.sorted.bam	0.4215336148718869	37455	63	20	0.9994660258977439	0.9983179815778934	0.02745929492184493
AmatoKR_2018__qiita_sid_11212_11212.JB1__bin.7.fa	GOB_14Aug23.sorted.bam	YEE_11Sep23.sorted.bam	0.3984020634032086	38400	85	29	0.9992447916666667	0.9977864583333333	0.02815210052059392
AmatoKR_2018__qiita_sid_11212_11212.JB1__bin.7.fa	GOB_14Aug23.sorted.bam	YIL_08Sep23.sorted.bam	0.42273426603137243	51770	90	26	0.9994977786362759	0.9982615414332625	0.03795401676956113
AmatoKR_2018__qiita_sid_11212_11212.JB1__bin.7.fa	IGL_07Sep23.sorted.bam	ETU_12Sep23.sorted.bam	0.3855771557231041	51538	67	35	0.999320889440801	0.9986999883581047	0.03778393116224921
AmatoKR_2018__qiita_sid_11212_11212.JB1__bin.7.fa	IGL_07Sep23.sorted.bam	IKO_12Sep23.sorted.bam	0.44899515479368507	79763	103	42	0.9994734400661961	0.9987086744480523	0.058476458172503465
AmatoKR_2018__qiita_sid_11212_11212.JB1__bin.7.fa	IGL_07Sep23.sorted.bam	INT_07Sep23.sorted.bam	0.595848556778843	141561	155	60	0.9995761544493187	0.9989050656607399	0.10378227869259886
AmatoKR_2018__qiita_sid_11212_11212.JB1__bin.7.fa	IGL_07Sep23.sorted.bam	RUI_04Sep23.sorted.bam	0.5396622187547987	100429	130	34	0.9996614523693356	0.9987055531768713	0.07362727352038351
AmatoKR_2018__qiita_sid_11212_11212.JB1__bin.7.fa	IGL_07Sep23.sorted.bam	UKR_12Sep23.sorted.bam	0.5602214931824622	120450	154	67	0.9994437525944375	0.9987214611872146	0.08830522155483171
AmatoKR_2018__qiita_sid_11212_11212.JB1__bin.7.fa	IGL_07Sep23.sorted.bam	UND_12Sep23.sorted.bam	0.38893481156440524	52877	86	59	0.9988842029615901	0.998373583977911	0.03876558904238137
AmatoKR_2018__qiita_sid_11212_11212.JB1__bin.7.fa	IGL_07Sep23.sorted.bam	YEE_11Sep23.sorted.bam	0.3976525451154179	55365	119	45	0.9991872121376321	0.9978506276528493	0.04058961055527819
AmatoKR_2018__qiita_sid_11212_11212.JB1__bin.7.fa	IGL_07Sep23.sorted.bam	YIL_08Sep23.sorted.bam	0.469787391268248	81179	136	45	0.9994456694465318	0.9983246898828515	0.05951456687920036
AmatoKR_2018__qiita_sid_11212_11212.JB1__bin.7.fa	IKO_12Sep23.sorted.bam	ETU_12Sep23.sorted.bam	0.3890707603045768	36622	26	9	0.9997542460815902	0.9992900442357053	0.026848599616281006
AmatoKR_2018__qiita_sid_11212_11212.JB1__bin.7.fa	IKO_12Sep23.sorted.bam	INT_07Sep23.sorted.bam	0.4663057581646892	97764	74	4	0.9999590851438157	0.9992430751605909	0.07167348841914958
AmatoKR_2018__qiita_sid_11212_11212.JB1__bin.7.fa	IKO_12Sep23.sorted.bam	UKR_12Sep23.sorted.bam	0.45978230120030783	84126	118	61	0.9992748971780424	0.9985973420821149	0.061675093968632404
AmatoKR_2018__qiita_sid_11212_11212.JB1__bin.7.fa	IKO_12Sep23.sorted.bam	YEE_11Sep23.sorted.bam	0.3838216128970721	38949	72	27	0.9993067857968112	0.9981514287914965	0.02855458758272429
AmatoKR_2018__qiita_sid_11212_11212.JB1__bin.7.fa	INT_07Sep23.sorted.bam	ETU_12Sep23.sorted.bam	0.3777518895866122	58733	32	9	0.9998467641700577	0.9994551614935385	0.04305878437177195
AmatoKR_2018__qiita_sid_11212_11212.JB1__bin.7.fa	INT_07Sep23.sorted.bam	UKR_12Sep23.sorted.bam	0.5980512545675832	143092	178	87	0.9993919995527353	0.9987560450619182	0.104904697075334
AmatoKR_2018__qiita_sid_11212_11212.JB1__bin.7.fa	RUE_17Aug23.sorted.bam	BAC_08Aug23.sorted.bam	0.5278741213431869	86310	132	77	0.9991078669910787	0.9984706291275635	0.06327624468574118
AmatoKR_2018__qiita_sid_11212_11212.JB1__bin.7.fa	RUE_17Aug23.sorted.bam	EMC_17Aug23.sorted.bam	0.5486158724343461	103052	183	85	0.9991751736987152	0.998224197492528	0.07555026726167303
AmatoKR_2018__qiita_sid_11212_11212.JB1__bin.7.fa	RUE_17Aug23.sorted.bam	ETU_12Sep23.sorted.bam	0.39073948169067807	40727	59	39	0.9990424043018146	0.9985513295847963	0.029858088487037204
AmatoKR_2018__qiita_sid_11212_11212.JB1__bin.7.fa	RUE_17Aug23.sorted.bam	GOB_07Sep23.sorted.bam	0.5182205751556948	102062	249	122	0.998804648155043	0.9975603064803746	0.07482447092012648
AmatoKR_2018__qiita_sid_11212_11212.JB1__bin.7.fa	RUE_17Aug23.sorted.bam	GOB_14Aug23.sorted.bam	0.46507184004609853	62311	132	75	0.9987963601932243	0.9978815939400748	0.0456819149879877
AmatoKR_2018__qiita_sid_11212_11212.JB1__bin.7.fa	RUE_17Aug23.sorted.bam	IGL_07Sep23.sorted.bam	0.5300246901237058	93388	136	78	0.9991647749175483	0.9985437101126483	0.06846532196399024
AmatoKR_2018__qiita_sid_11212_11212.JB1__bin.7.fa	RUE_17Aug23.sorted.bam	IKO_12Sep23.sorted.bam	0.4511055402744724	65861	92	53	0.9991952748971319	0.9986031186893609	0.04828451803090719
AmatoKR_2018__qiita_sid_11212_11212.JB1__bin.7.fa	RUE_17Aug23.sorted.bam	INT_07Sep23.sorted.bam	0.5526105657834953	111116	151	79	0.9992890312826236	0.9986410597933691	0.08146220837099777
AmatoKR_2018__qiita_sid_11212_11212.JB1__bin.7.fa	RUE_17Aug23.sorted.bam	RUI_04Sep23.sorted.bam	0.5222848379149353	80924	106	47	0.9994192081459147	0.9986901290099353	0.05932761933668079
AmatoKR_2018__qiita_sid_11212_11212.JB1__bin.7.fa	RUE_17Aug23.sorted.bam	RWA_11Aug23.sorted.bam	0.5212235405891531	84777	163	84	0.9990091652216992	0.9980773087040117	0.0621523600477706
AmatoKR_2018__qiita_sid_11212_11212.JB1__bin.7.fa	RUE_17Aug23.sorted.bam	TAK_07Sep23.sorted.bam	0.4280019636449678	46089	115	99	0.9978519820347589	0.997504827616134	0.03378911877327222
AmatoKR_2018__qiita_sid_11212_11212.JB1__bin.7.fa	RUE_17Aug23.sorted.bam	TAS_15Aug23.sorted.bam	0.471514139193445	53960	63	24	0.9995552260934025	0.9988324684951816	0.03955956625237625
AmatoKR_2018__qiita_sid_11212_11212.JB1__bin.7.fa	RUE_17Aug23.sorted.bam	UJA_07Sep23.sorted.bam	0.4178136363300158	48263	89	71	0.9985288937695543	0.9981559372604273	0.03538293821420376
AmatoKR_2018__qiita_sid_11212_11212.JB1__bin.7.fa	RUE_17Aug23.sorted.bam	UKR_12Sep23.sorted.bam	0.5274404161949351	94498	177	115	0.9987830430273656	0.9981269444855976	0.06927909361966365
AmatoKR_2018__qiita_sid_11212_11212.JB1__bin.7.fa	RUE_17Aug23.sorted.bam	UNA_15Aug23.sorted.bam	0.4194352505877054	133036	241	186	0.9986018821973	0.9981884602663941	0.09753236575150347
AmatoKR_2018__qiita_sid_11212_11212.JB1__bin.7.fa	RUE_17Aug23.sorted.bam	UND_12Sep23.sorted.bam	0.41233513439438374	45794	103	69	0.998493252391143	0.9977507970476481	0.0335728461260437
AmatoKR_2018__qiita_sid_11212_11212.JB1__bin.7.fa	RUE_17Aug23.sorted.bam	VIY_27Jul23.sorted.bam	0.40017216218964435	50745	66	40	0.9992117449995074	0.9986993792491871	0.03720256096139423
AmatoKR_2018__qiita_sid_11212_11212.JB1__bin.7.fa	RUE_17Aug23.sorted.bam	XBO_28Jul23.sorted.bam	0.49628602484950607	84942	113	83	0.9990228626592262	0.9986696804878623	0.06227332610469502
AmatoKR_2018__qiita_sid_11212_11212.JB1__bin.7.fa	RUE_17Aug23.sorted.bam	YAP_26Jul23.sorted.bam	0.4602262191539679	55983	96	51	0.9990890091634961	0.998285193719522	0.041042683423031495
AmatoKR_2018__qiita_sid_11212_11212.JB1__bin.7.fa	RUE_17Aug23.sorted.bam	YEE_09Aug23.sorted.bam	0.5061024560774285	92550	186	104	0.9988762830902215	0.9979902755267424	0.06785096102033769
AmatoKR_2018__qiita_sid_11212_11212.JB1__bin.7.fa	RUE_17Aug23.sorted.bam	YEE_11Sep23.sorted.bam	0.4086194646264318	45748	102	53	0.9988414794089359	0.9977703943341786	0.033539122255628405
AmatoKR_2018__qiita_sid_11212_11212.JB1__bin.7.fa	RUE_17Aug23.sorted.bam	YIL_08Sep23.sorted.bam	0.46503322947938985	64751	131	68	0.9989498231687541	0.9979768652221588	0.047470746375233776
AmatoKR_2018__qiita_sid_11212_11212.JB1__bin.7.fa	RUE_17Aug23.sorted.bam	YIL_09Aug23.sorted.bam	0.5079996330659072	119722	371	138	0.9988473296470156	0.9969011543408898	0.08777150464912879
AmatoKR_2018__qiita_sid_11212_11212.JB1__bin.7.fa	RUE_17Aug23.sorted.bam	YOD_19Aug23.sorted.bam	0.47813110489886357	74057	135	57	0.9992303225893568	0.9981770798168978	0.05429323198577146
AmatoKR_2018__qiita_sid_11212_11212.JB1__bin.7.fa	RUI_04Sep23.sorted.bam	ETU_12Sep23.sorted.bam	0.4064231682077657	43733	59	21	0.9995198134132119	0.9986509043514051	0.03206187010591495
AmatoKR_2018__qiita_sid_11212_11212.JB1__bin.7.fa	RUI_04Sep23.sorted.bam	IKO_12Sep23.sorted.bam	0.4606832108832318	69832	118	28	0.9995990376904571	0.9983102302669263	0.05119576780088841
AmatoKR_2018__qiita_sid_11212_11212.JB1__bin.7.fa	RUI_04Sep23.sorted.bam	INT_07Sep23.sorted.bam	0.5500894438962167	117970	165	40	0.9996609307451046	0.9986013393235569	0.08648706506287669
AmatoKR_2018__qiita_sid_11212_11212.JB1__bin.7.fa	RUI_04Sep23.sorted.bam	UKR_12Sep23.sorted.bam	0.5177750434016066	98594	118	28	0.9997160070592531	0.9988031726068524	0.07228198434186034
AmatoKR_2018__qiita_sid_11212_11212.JB1__bin.7.fa	RUI_04Sep23.sorted.bam	UND_12Sep23.sorted.bam	0.4116353886659947	48414	100	57	0.9988226546040402	0.9979344817614739	0.03549364048448005
AmatoKR_2018__qiita_sid_11212_11212.JB1__bin.7.fa	RUI_04Sep23.sorted.bam	YEE_11Sep23.sorted.bam	0.39728721091021224	47973	106	33	0.9993121130635982	0.9977904237800429	0.03517033120506386
AmatoKR_2018__qiita_sid_11212_11212.JB1__bin.7.fa	RWA_11Aug23.sorted.bam	BAC_08Aug23.sorted.bam	0.5325514040854125	100201	152	43	0.9995708625662418	0.9984830490713665	0.07346012042354248
AmatoKR_2018__qiita_sid_11212_11212.JB1__bin.7.fa	RWA_11Aug23.sorted.bam	EMC_17Aug23.sorted.bam	0.5530770374185194	114777	153	49	0.9995730851999965	0.9986669803183564	0.0841461885794846
AmatoKR_2018__qiita_sid_11212_11212.JB1__bin.7.fa	RWA_11Aug23.sorted.bam	ETU_12Sep23.sorted.bam	0.38803348006760124	46765	39	14	0.9997006308136427	0.9991660429808618	0.03428471304285351
AmatoKR_2018__qiita_sid_11212_11212.JB1__bin.7.fa	RWA_11Aug23.sorted.bam	GOB_07Sep23.sorted.bam	0.53915716925333	120355	231	45	0.9996261061027792	0.9980806779942669	0.08823557443114795
AmatoKR_2018__qiita_sid_11212_11212.JB1__bin.7.fa	RWA_11Aug23.sorted.bam	GOB_14Aug23.sorted.bam	0.4364783955019034	65638	111	29	0.9995581827599866	0.9983089064261556	0.048121030572154784
AmatoKR_2018__qiita_sid_11212_11212.JB1__bin.7.fa	RWA_11Aug23.sorted.bam	IGL_07Sep23.sorted.bam	0.5316824545330862	105226	136	50	0.9995248322657898	0.9987075437629483	0.07714408670260459
AmatoKR_2018__qiita_sid_11212_11212.JB1__bin.7.fa	RWA_11Aug23.sorted.bam	IKO_12Sep23.sorted.bam	0.439720103121938	72883	101	28	0.9996158226198153	0.998614217307191	0.05343254016256372
AmatoKR_2018__qiita_sid_11212_11212.JB1__bin.7.fa	RWA_11Aug23.sorted.bam	INT_07Sep23.sorted.bam	0.5617589931619154	125682	125	33	0.9997374325679095	0.9990054263935966	0.09214094525076263
AmatoKR_2018__qiita_sid_11212_11212.JB1__bin.7.fa	RWA_11Aug23.sorted.bam	RUI_04Sep23.sorted.bam	0.5067378574863413	89438	131	28	0.9996869339654285	0.9985352981953979	0.06556946787398123
AmatoKR_2018__qiita_sid_11212_11212.JB1__bin.7.fa	RWA_11Aug23.sorted.bam	TAK_07Sep23.sorted.bam	0.40064896912501363	49954	134	90	0.9981983424750771	0.9973175321295592	0.036622657015774704
AmatoKR_2018__qiita_sid_11212_11212.JB1__bin.7.fa	RWA_11Aug23.sorted.bam	TAS_15Aug23.sorted.bam	0.4598412805001311	61082	56	8	0.99986902851904	0.9990831996332799	0.04478090114580515
AmatoKR_2018__qiita_sid_11212_11212.JB1__bin.7.fa	RWA_11Aug23.sorted.bam	UJA_07Sep23.sorted.bam	0.4142182410626621	54128	41	4	0.9999261010937038	0.9992425362104641	0.03968273169215385
AmatoKR_2018__qiita_sid_11212_11212.JB1__bin.7.fa	RWA_11Aug23.sorted.bam	UKR_12Sep23.sorted.bam	0.5369852095651487	107507	128	50	0.9995349140055997	0.998809379854335	0.07881635079863257
AmatoKR_2018__qiita_sid_11212_11212.JB1__bin.7.fa	RWA_11Aug23.sorted.bam	UNA_15Aug23.sorted.bam	0.4389644777662859	158866	212	120	0.9992446464315838	0.9986655420291315	0.11646905211730922
AmatoKR_2018__qiita_sid_11212_11212.JB1__bin.7.fa	RWA_11Aug23.sorted.bam	UND_12Sep23.sorted.bam	0.40950462948650823	51340	104	67	0.9986949746786131	0.9979742890533697	0.037638771893939896
AmatoKR_2018__qiita_sid_11212_11212.JB1__bin.7.fa	RWA_11Aug23.sorted.bam	VIY_27Jul23.sorted.bam	0.4069992832992991	55672	122	72	0.998706710734301	0.9978085931886765	0.040814680733919396
AmatoKR_2018__qiita_sid_11212_11212.JB1__bin.7.fa	RWA_11Aug23.sorted.bam	XBO_28Jul23.sorted.bam	0.4984844442418748	95518	62	6	0.9999371846144183	0.9993509076823217	0.07002688378974194
AmatoKR_2018__qiita_sid_11212_11212.JB1__bin.7.fa	RWA_11Aug23.sorted.bam	YAP_26Jul23.sorted.bam	0.44021439573662535	60384	100	39	0.99935413354531	0.9983439321674615	0.04426917806863394
AmatoKR_2018__qiita_sid_11212_11212.JB1__bin.7.fa	RWA_11Aug23.sorted.bam	YEE_09Aug23.sorted.bam	0.5309678281204762	108967	201	77	0.9992933640459956	0.9981554048473391	0.07988671712050932
AmatoKR_2018__qiita_sid_11212_11212.JB1__bin.7.fa	RWA_11Aug23.sorted.bam	YEE_11Sep23.sorted.bam	0.38230621907073997	49964	133	56	0.9988791930189737	0.9973380834200625	0.036629988291951944
AmatoKR_2018__qiita_sid_11212_11212.JB1__bin.7.fa	RWA_11Aug23.sorted.bam	YIL_08Sep23.sorted.bam	0.45952434814182674	72595	118	44	0.9993938976513534	0.9983745437013568	0.05322139940865926
AmatoKR_2018__qiita_sid_11212_11212.JB1__bin.7.fa	RWA_11Aug23.sorted.bam	YIL_09Aug23.sorted.bam	0.5277309309299969	139259	291	61	0.9995619672696199	0.997910368450154	0.10209461891659867
AmatoKR_2018__qiita_sid_11212_11212.JB1__bin.7.fa	RWA_11Aug23.sorted.bam	YOD_19Aug23.sorted.bam	0.4891665514682977	82511	122	25	0.9996970100956236	0.9985214092666432	0.06049109286600846
AmatoKR_2018__qiita_sid_11212_11212.JB1__bin.7.fa	TAK_07Sep23.sorted.bam	ETU_12Sep23.sorted.bam	0.36381838727103966	25217	53	48	0.9980965221874133	0.9978982432486021	0.018487279136141066
AmatoKR_2018__qiita_sid_11212_11212.JB1__bin.7.fa	TAK_07Sep23.sorted.bam	GOB_07Sep23.sorted.bam	0.3927755268955856	63171	166	96	0.998480315334568	0.9973722119326907	0.04631240473923017
AmatoKR_2018__qiita_sid_11212_11212.JB1__bin.7.fa	TAK_07Sep23.sorted.bam	GOB_14Aug23.sorted.bam	0.3836823441483761	37601	80	46	0.9987766282811628	0.9978723970107178	0.027566331554032604
AmatoKR_2018__qiita_sid_11212_11212.JB1__bin.7.fa	TAK_07Sep23.sorted.bam	IGL_07Sep23.sorted.bam	0.4005182384637371	54431	122	98	0.9981995554004152	0.9977586301923537	0.03990486936032416
AmatoKR_2018__qiita_sid_11212_11212.JB1__bin.7.fa	TAK_07Sep23.sorted.bam	IKO_12Sep23.sorted.bam	0.3713836882951386	38104	101	86	0.9977430191056057	0.9973493596472811	0.027935094745747676
AmatoKR_2018__qiita_sid_11212_11212.JB1__bin.7.fa	TAK_07Sep23.sorted.bam	INT_07Sep23.sorted.bam	0.3896928825872544	64835	152	118	0.9981799953728696	0.9976555872599676	0.047532329095122575
AmatoKR_2018__qiita_sid_11212_11212.JB1__bin.7.fa	TAK_07Sep23.sorted.bam	RUI_04Sep23.sorted.bam	0.418789245194542	49877	125	85	0.9982958076869098	0.9974938348336909	0.03656620618920997
AmatoKR_2018__qiita_sid_11212_11212.JB1__bin.7.fa	TAK_07Sep23.sorted.bam	UKR_12Sep23.sorted.bam	0.40351909816229375	54932	168	124	0.9977426636568849	0.996941673341586	0.04027216629680378
AmatoKR_2018__qiita_sid_11212_11212.JB1__bin.7.fa	TAK_07Sep23.sorted.bam	UND_12Sep23.sorted.bam	0.36246515315241573	26381	51	37	0.9985974754558204	0.9980667904931579	0.019340639683171568
AmatoKR_2018__qiita_sid_11212_11212.JB1__bin.7.fa	TAK_07Sep23.sorted.bam	YEE_11Sep23.sorted.bam	0.3722229541204511	29328	75	50	0.9982951445717403	0.9974427168576104	0.021501166772603608
AmatoKR_2018__qiita_sid_11212_11212.JB1__bin.7.fa	TAK_07Sep23.sorted.bam	YIL_08Sep23.sorted.bam	0.39631429156342723	40474	78	47	0.9988387606858724	0.9980728368829372	0.029672607199753082
AmatoKR_2018__qiita_sid_11212_11212.JB1__bin.7.fa	TAS_15Aug23.sorted.bam	EMC_17Aug23.sorted.bam	0.44092100414098245	70946	98	25	0.9996476193160996	0.9986186677191103	0.052012471967032715
AmatoKR_2018__qiita_sid_11212_11212.JB1__bin.7.fa	TAS_15Aug23.sorted.bam	ETU_12Sep23.sorted.bam	0.399447831062973	31548	56	21	0.9993343476607075	0.9982249270952199	0.023128710083950444
AmatoKR_2018__qiita_sid_11212_11212.JB1__bin.7.fa	TAS_15Aug23.sorted.bam	GOB_07Sep23.sorted.bam	0.42554200858373686	71623	143	34	0.9995252921547547	0.9980034346508803	0.05250879936423173
AmatoKR_2018__qiita_sid_11212_11212.JB1__bin.7.fa	TAS_15Aug23.sorted.bam	GOB_14Aug23.sorted.bam	0.4199315144841508	42303	60	22	0.9994799423208756	0.9985816608751152	0.031013497612569912
AmatoKR_2018__qiita_sid_11212_11212.JB1__bin.7.fa	TAS_15Aug23.sorted.bam	IGL_07Sep23.sorted.bam	0.44124438006701644	63349	41	9	0.9998579298805033	0.9993527916778481	0.04644290145518501
AmatoKR_2018__qiita_sid_11212_11212.JB1__bin.7.fa	TAS_15Aug23.sorted.bam	IKO_12Sep23.sorted.bam	0.4105504390003312	46131	57	8	0.9998265808241746	0.9987643883722442	0.03381991013321662
AmatoKR_2018__qiita_sid_11212_11212.JB1__bin.7.fa	TAS_15Aug23.sorted.bam	INT_07Sep23.sorted.bam	0.4375953739876789	75006	70	19	0.9997466869317121	0.9990667413273605	0.054988970094991346
AmatoKR_2018__qiita_sid_11212_11212.JB1__bin.7.fa	TAS_15Aug23.sorted.bam	RUI_04Sep23.sorted.bam	0.45993402808698125	55535	63	12	0.9997839200504186	0.998865580264698	0.04071424225029124
AmatoKR_2018__qiita_sid_11212_11212.JB1__bin.7.fa	TAS_15Aug23.sorted.bam	TAK_07Sep23.sorted.bam	0.3933602762447538	33624	71	51	0.9984832262669522	0.997888413038306	0.02465068301834505
AmatoKR_2018__qiita_sid_11212_11212.JB1__bin.7.fa	TAS_15Aug23.sorted.bam	UJA_07Sep23.sorted.bam	0.40379365442366516	34884	43	12	0.999656002751978	0.9987673431945878	0.02557442381667704
AmatoKR_2018__qiita_sid_11212_11212.JB1__bin.7.fa	TAS_15Aug23.sorted.bam	UKR_12Sep23.sorted.bam	0.44155397194183715	65566	96	37	0.9994356831284508	0.9985358264954397	0.048068245383678675
AmatoKR_2018__qiita_sid_11212_11212.JB1__bin.7.fa	TAS_15Aug23.sorted.bam	UNA_15Aug23.sorted.bam	0.30709431131917014	87289	121	60	0.9993126281662065	0.9986138001351831	0.06399397662349278
AmatoKR_2018__qiita_sid_11212_11212.JB1__bin.7.fa	TAS_15Aug23.sorted.bam	UND_12Sep23.sorted.bam	0.399857361753295	33916	63	39	0.9988501002476707	0.9981424696308527	0.0248647562827204
AmatoKR_2018__qiita_sid_11212_11212.JB1__bin.7.fa	TAS_15Aug23.sorted.bam	VIY_27Jul23.sorted.bam	0.38547422866175285	34348	54	26	0.9992430418073832	0.9984278560614883	0.025181467413577085
AmatoKR_2018__qiita_sid_11212_11212.JB1__bin.7.fa	TAS_15Aug23.sorted.bam	XBO_28Jul23.sorted.bam	0.4267677796538327	57865	53	18	0.9996889311328091	0.9990840750021602	0.04242242959958769
AmatoKR_2018__qiita_sid_11212_11212.JB1__bin.7.fa	TAS_15Aug23.sorted.bam	YAP_26Jul23.sorted.bam	0.43488099872661556	39568	66	38	0.9990396279822078	0.998331985442782	0.02900839357809532
AmatoKR_2018__qiita_sid_11212_11212.JB1__bin.7.fa	TAS_15Aug23.sorted.bam	YEE_09Aug23.sorted.bam	0.4223768305934808	65021	106	40	0.9993848141369711	0.9983697574629735	0.0476686908320192
AmatoKR_2018__qiita_sid_11212_11212.JB1__bin.7.fa	TAS_15Aug23.sorted.bam	YEE_11Sep23.sorted.bam	0.3948026044738496	34486	79	32	0.9990720872238009	0.9977092153337587	0.02528263902482297
AmatoKR_2018__qiita_sid_11212_11212.JB1__bin.7.fa	TAS_15Aug23.sorted.bam	YIL_08Sep23.sorted.bam	0.42182260610379174	47655	70	20	0.9995803168607701	0.9985311090126954	0.03493719662262769
AmatoKR_2018__qiita_sid_11212_11212.JB1__bin.7.fa	TAS_15Aug23.sorted.bam	YIL_09Aug23.sorted.bam	0.38161686930382555	78972	176	29	0.9996327812389201	0.9977713620017221	0.05789655422688394
AmatoKR_2018__qiita_sid_11212_11212.JB1__bin.7.fa	TAS_15Aug23.sorted.bam	YOD_19Aug23.sorted.bam	0.4291460643565123	52159	78	25	0.9995206963323683	0.9985045725569892	0.038239203412855687
AmatoKR_2018__qiita_sid_11212_11212.JB1__bin.7.fa	UJA_07Sep23.sorted.bam	ETU_12Sep23.sorted.bam	0.39801721487515884	29021	27	11	0.9996209641294235	0.9990696392267668	0.0212760965939624
AmatoKR_2018__qiita_sid_11212_11212.JB1__bin.7.fa	UJA_07Sep23.sorted.bam	GOB_07Sep23.sorted.bam	0.3983341261662001	66250	137	42	0.9993660377358491	0.9979320754716982	0.048569704674201755
AmatoKR_2018__qiita_sid_11212_11212.JB1__bin.7.fa	UJA_07Sep23.sorted.bam	GOB_14Aug23.sorted.bam	0.3843660098765848	40122	55	18	0.9995513683266039	0.9986291809979563	0.029414546278314305
AmatoKR_2018__qiita_sid_11212_11212.JB1__bin.7.fa	UJA_07Sep23.sorted.bam	IGL_07Sep23.sorted.bam	0.3995969967863705	58780	82	49	0.9991663831235114	0.9986049676760803	0.04309324136980497
AmatoKR_2018__qiita_sid_11212_11212.JB1__bin.7.fa	UJA_07Sep23.sorted.bam	IKO_12Sep23.sorted.bam	0.3863794526507377	41852	41	7	0.9998327439548886	0.9990203574500621	0.03068285705697648
AmatoKR_2018__qiita_sid_11212_11212.JB1__bin.7.fa	UJA_07Sep23.sorted.bam	INT_07Sep23.sorted.bam	0.39851271552217393	67806	43	10	0.999852520425921	0.9993658378314604	0.04971045124737999
AmatoKR_2018__qiita_sid_11212_11212.JB1__bin.7.fa	UJA_07Sep23.sorted.bam	RUI_04Sep23.sorted.bam	0.41009510504996394	49362	75	37	0.9992504355577164	0.9984806126169928	0.03618864546608222
AmatoKR_2018__qiita_sid_11212_11212.JB1__bin.7.fa	UJA_07Sep23.sorted.bam	TAK_07Sep23.sorted.bam	0.3765979418369152	32443	83	76	0.9976574299540732	0.9974416669235274	0.023784859301813243
AmatoKR_2018__qiita_sid_11212_11212.JB1__bin.7.fa	UJA_07Sep23.sorted.bam	UKR_12Sep23.sorted.bam	0.40205993676182783	58403	102	63	0.998921288289985	0.9982535143742616	0.042816852257923095
AmatoKR_2018__qiita_sid_11212_11212.JB1__bin.7.fa	UJA_07Sep23.sorted.bam	UND_12Sep23.sorted.bam	0.36712115821667823	27760	66	49	0.9982348703170029	0.9976224783861671	0.02035162266801269
AmatoKR_2018__qiita_sid_11212_11212.JB1__bin.7.fa	UJA_07Sep23.sorted.bam	YEE_11Sep23.sorted.bam	0.3827503233503975	30010	51	19	0.9993668777074308	0.9983005664778407	0.02200115980789124
AmatoKR_2018__qiita_sid_11212_11212.JB1__bin.7.fa	UJA_07Sep23.sorted.bam	YIL_08Sep23.sorted.bam	0.40724911526367075	43449	77	33	0.9992404888489954	0.9982278073143226	0.03185366186248139
AmatoKR_2018__qiita_sid_11212_11212.JB1__bin.7.fa	UKR_12Sep23.sorted.bam	ETU_12Sep23.sorted.bam	0.39984426987926436	51959	72	39	0.9992494081872245	0.998614292037953	0.038092577889310926
AmatoKR_2018__qiita_sid_11212_11212.JB1__bin.7.fa	UNA_15Aug23.sorted.bam	ETU_12Sep23.sorted.bam	0.27356687522217243	67655	54	44	0.9993496415638164	0.9992018328283202	0.04959974897710369
AmatoKR_2018__qiita_sid_11212_11212.JB1__bin.7.fa	UNA_15Aug23.sorted.bam	GOB_07Sep23.sorted.bam	0.5430168067833201	220260	413	161	0.9992690456732952	0.9981249432488877	0.1614786890798442
AmatoKR_2018__qiita_sid_11212_11212.JB1__bin.7.fa	UNA_15Aug23.sorted.bam	GOB_14Aug23.sorted.bam	0.3399776757233327	110147	193	70	0.9993644856419149	0.9982477961269939	0.0807518077094234
AmatoKR_2018__qiita_sid_11212_11212.JB1__bin.7.fa	UNA_15Aug23.sorted.bam	IGL_07Sep23.sorted.bam	0.4814350555362685	179644	198	108	0.9993988109817195	0.9988978201331522	0.13170197775837433
AmatoKR_2018__qiita_sid_11212_11212.JB1__bin.7.fa	UNA_15Aug23.sorted.bam	IKO_12Sep23.sorted.bam	0.3426420511075377	119858	156	96	0.999199052211784	0.998698459844149	0.08787121000513923
AmatoKR_2018__qiita_sid_11212_11212.JB1__bin.7.fa	UNA_15Aug23.sorted.bam	INT_07Sep23.sorted.bam	0.5623465352286013	225664	234	122	0.9994593732274532	0.9989630601247873	0.16544051072602362
AmatoKR_2018__qiita_sid_11212_11212.JB1__bin.7.fa	UNA_15Aug23.sorted.bam	RUI_04Sep23.sorted.bam	0.41128105904035006	142152	214	91	0.9993598401710845	0.9984945691935393	0.10421555711467362
AmatoKR_2018__qiita_sid_11212_11212.JB1__bin.7.fa	UNA_15Aug23.sorted.bam	TAK_07Sep23.sorted.bam	0.304228895409558	78495	202	180	0.9977068603095739	0.997426587680744	0.057546852353229684
AmatoKR_2018__qiita_sid_11212_11212.JB1__bin.7.fa	UNA_15Aug23.sorted.bam	UJA_07Sep23.sorted.bam	0.29483331129633567	82361	87	72	0.999125799832445	0.9989436747975377	0.060381123723349896
AmatoKR_2018__qiita_sid_11212_11212.JB1__bin.7.fa	UNA_15Aug23.sorted.bam	UKR_12Sep23.sorted.bam	0.47725914271818354	181605	234	162	0.9991079540761543	0.9987114892211117	0.1331396410167307
AmatoKR_2018__qiita_sid_11212_11212.JB1__bin.7.fa	UNA_15Aug23.sorted.bam	UND_12Sep23.sorted.bam	0.2816093940274568	73938	108	83	0.9988774378533366	0.9985393167248235	0.054205989799262326
AmatoKR_2018__qiita_sid_11212_11212.JB1__bin.7.fa	UNA_15Aug23.sorted.bam	VIY_27Jul23.sorted.bam	0.29120236793644794	88408	228	171	0.9980657859017283	0.9974210478689711	0.06481434642772571
AmatoKR_2018__qiita_sid_11212_11212.JB1__bin.7.fa	UNA_15Aug23.sorted.bam	XBO_28Jul23.sorted.bam	0.44627211502493924	167638	175	133	0.9992066237965139	0.9989560839427815	0.1229000475799824
AmatoKR_2018__qiita_sid_11212_11212.JB1__bin.7.fa	UNA_15Aug23.sorted.bam	YAP_26Jul23.sorted.bam	0.32733602198483225	97701	156	92	0.9990583515010082	0.9984032916756226	0.07162730137923298
AmatoKR_2018__qiita_sid_11212_11212.JB1__bin.7.fa	UNA_15Aug23.sorted.bam	YEE_11Sep23.sorted.bam	0.2650131995958637	75064	179	94	0.9987477352659064	0.9976153682191197	0.055031491496819324
AmatoKR_2018__qiita_sid_11212_11212.JB1__bin.7.fa	UNA_15Aug23.sorted.bam	YIL_08Sep23.sorted.bam	0.35752251092444187	115043	155	59	0.9994871482836852	0.9986526776944273	0.08434120052579913
AmatoKR_2018__qiita_sid_11212_11212.JB1__bin.7.fa	UNA_15Aug23.sorted.bam	YIL_09Aug23.sorted.bam	0.6431735223850674	278835	590	184	0.999340111535496	0.9978840532931662	0.2044216392880158
AmatoKR_2018__qiita_sid_11212_11212.JB1__bin.7.fa	UNA_15Aug23.sorted.bam	YOD_19Aug23.sorted.bam	0.3940080969124304	139636	236	91	0.9993483055945458	0.998309891432009	0.10237100802848054
AmatoKR_2018__qiita_sid_11212_11212.JB1__bin.7.fa	UND_12Sep23.sorted.bam	ETU_12Sep23.sorted.bam	0.3866341573930377	26710	71	58	0.9978285286409584	0.9973418195432422	0.0195818386694027
AmatoKR_2018__qiita_sid_11212_11212.JB1__bin.7.fa	UND_12Sep23.sorted.bam	IKO_12Sep23.sorted.bam	0.3621577707837264	37425	74	47	0.99874415497662	0.9980227120908484	0.027437301093313216
AmatoKR_2018__qiita_sid_11212_11212.JB1__bin.7.fa	UND_12Sep23.sorted.bam	INT_07Sep23.sorted.bam	0.3977828992824773	63367	119	90	0.9985797023687408	0.9981220509097796	0.04645609775230404
AmatoKR_2018__qiita_sid_11212_11212.JB1__bin.7.fa	UND_12Sep23.sorted.bam	UKR_12Sep23.sorted.bam	0.39888450782319945	56188	119	76	0.9986473980209297	0.9978821100590873	0.04119297458466488
AmatoKR_2018__qiita_sid_11212_11212.JB1__bin.7.fa	UND_12Sep23.sorted.bam	YEE_11Sep23.sorted.bam	0.3599695696933714	27950	49	25	0.9991055456171736	0.9982468694096601	0.02049091691538021
AmatoKR_2018__qiita_sid_11212_11212.JB1__bin.7.fa	VIY_27Jul23.sorted.bam	ETU_12Sep23.sorted.bam	0.37527763458718155	27594	42	31	0.9988765673697181	0.9984779299847792	0.020229923483470538
AmatoKR_2018__qiita_sid_11212_11212.JB1__bin.7.fa	VIY_27Jul23.sorted.bam	GOB_07Sep23.sorted.bam	0.39458834364527495	67840	187	77	0.9988649764150943	0.9972435141509434	0.04973537758638259
AmatoKR_2018__qiita_sid_11212_11212.JB1__bin.7.fa	VIY_27Jul23.sorted.bam	GOB_14Aug23.sorted.bam	0.3782045804683093	39661	121	67	0.9983106830387535	0.9969491439953607	0.029076574446543633
AmatoKR_2018__qiita_sid_11212_11212.JB1__bin.7.fa	VIY_27Jul23.sorted.bam	IGL_07Sep23.sorted.bam	0.40047301836377047	59229	106	71	0.9988012628948657	0.9982103361528981	0.04342241567016295
AmatoKR_2018__qiita_sid_11212_11212.JB1__bin.7.fa	VIY_27Jul23.sorted.bam	IKO_12Sep23.sorted.bam	0.39637961907121394	44825	76	40	0.9991076408254322	0.9983045175683213	0.032862445464469335
AmatoKR_2018__qiita_sid_11212_11212.JB1__bin.7.fa	VIY_27Jul23.sorted.bam	INT_07Sep23.sorted.bam	0.396441776452567	71419	120	72	0.9989918649098979	0.9983197748498299	0.05235924133021608
AmatoKR_2018__qiita_sid_11212_11212.JB1__bin.7.fa	VIY_27Jul23.sorted.bam	RUI_04Sep23.sorted.bam	0.40371551206920514	51335	113	51	0.9990065257621505	0.9977987727671179	0.03763510625585127
AmatoKR_2018__qiita_sid_11212_11212.JB1__bin.7.fa	VIY_27Jul23.sorted.bam	TAK_07Sep23.sorted.bam	0.34510524865485237	28469	76	56	0.9980329481190067	0.9973304295900804	0.020871410148978864
AmatoKR_2018__qiita_sid_11212_11212.JB1__bin.7.fa	VIY_27Jul23.sorted.bam	UJA_07Sep23.sorted.bam	0.37310898220558103	30943	41	29	0.9990627928772259	0.9986749830333194	0.022685167875227546
AmatoKR_2018__qiita_sid_11212_11212.JB1__bin.7.fa	VIY_27Jul23.sorted.bam	UKR_12Sep23.sorted.bam	0.4140903508557165	62747	148	83	0.9986772275965384	0.9976413214974421	0.04600155862931528
AmatoKR_2018__qiita_sid_11212_11212.JB1__bin.7.fa	VIY_27Jul23.sorted.bam	UND_12Sep23.sorted.bam	0.38568102847470387	31877	67	49	0.998462841547197	0.997898171095147	0.023369909070181574
AmatoKR_2018__qiita_sid_11212_11212.JB1__bin.7.fa	VIY_27Jul23.sorted.bam	XBO_28Jul23.sorted.bam	0.38576719323634845	55657	117	79	0.9985805918393015	0.9978978385468135	0.04080368381965354
AmatoKR_2018__qiita_sid_11212_11212.JB1__bin.7.fa	VIY_27Jul23.sorted.bam	YAP_26Jul23.sorted.bam	0.37539984544613264	36225	104	52	0.9985645272601794	0.9971290545203588	0.026557547952044656
AmatoKR_2018__qiita_sid_11212_11212.JB1__bin.7.fa	VIY_27Jul23.sorted.bam	YEE_11Sep23.sorted.bam	0.3748875986714863	31167	80	28	0.9991016138864824	0.9974331825328071	0.022849388461597675
AmatoKR_2018__qiita_sid_11212_11212.JB1__bin.7.fa	VIY_27Jul23.sorted.bam	YIL_08Sep23.sorted.bam	0.3822617576231237	42242	72	29	0.9993134794754036	0.9982955352492779	0.03096877682788876
AmatoKR_2018__qiita_sid_11212_11212.JB1__bin.7.fa	VIY_27Jul23.sorted.bam	YIL_09Aug23.sorted.bam	0.3631620444369563	78082	221	81	0.9989626290310186	0.997169642171051	0.057244070647109756
AmatoKR_2018__qiita_sid_11212_11212.JB1__bin.7.fa	VIY_27Jul23.sorted.bam	YOD_19Aug23.sorted.bam	0.398335101798696	48902	127	52	0.9989366488078197	0.9974029692037135	0.03585140676192927
AmatoKR_2018__qiita_sid_11212_11212.JB1__bin.7.fa	XBO_28Jul23.sorted.bam	ETU_12Sep23.sorted.bam	0.3667019988516036	45308	33	11	0.9997572172684736	0.9992716518054207	0.03321654610382993
AmatoKR_2018__qiita_sid_11212_11212.JB1__bin.7.fa	XBO_28Jul23.sorted.bam	GOB_07Sep23.sorted.bam	0.5197420467072752	121933	220	71	0.9994177130063231	0.9981957304421281	0.08939244981191612
AmatoKR_2018__qiita_sid_11212_11212.JB1__bin.7.fa	XBO_28Jul23.sorted.bam	GOB_14Aug23.sorted.bam	0.4425767793306091	68033	88	31	0.9995443387767701	0.9987065100759925	0.04987687121660329
AmatoKR_2018__qiita_sid_11212_11212.JB1__bin.7.fa	XBO_28Jul23.sorted.bam	IGL_07Sep23.sorted.bam	0.5084276688626784	104424	143	82	0.9992147399065349	0.9986305830077377	0.0765561183531901
AmatoKR_2018__qiita_sid_11212_11212.JB1__bin.7.fa	XBO_28Jul23.sorted.bam	IKO_12Sep23.sorted.bam	0.42850651278081253	74549	51	3	0.9999597580115092	0.9993158861956566	0.054653930773691566
AmatoKR_2018__qiita_sid_11212_11212.JB1__bin.7.fa	XBO_28Jul23.sorted.bam	INT_07Sep23.sorted.bam	0.5471033584108275	127168	60	12	0.9999056366381479	0.9995281831907398	0.0932303728907002
AmatoKR_2018__qiita_sid_11212_11212.JB1__bin.7.fa	XBO_28Jul23.sorted.bam	RUI_04Sep23.sorted.bam	0.4997420441978613	90232	127	54	0.9994015426899547	0.9985925170671158	0.06615157120245392
AmatoKR_2018__qiita_sid_11212_11212.JB1__bin.7.fa	XBO_28Jul23.sorted.bam	TAK_07Sep23.sorted.bam	0.3749284339080633	48483	109	94	0.9980611760823381	0.9977517892869666	0.035544226290102995
AmatoKR_2018__qiita_sid_11212_11212.JB1__bin.7.fa	XBO_28Jul23.sorted.bam	UJA_07Sep23.sorted.bam	0.3927003066528631	53359	11	0	1.0	0.9997938492100676	0.03911895655412424
AmatoKR_2018__qiita_sid_11212_11212.JB1__bin.7.fa	XBO_28Jul23.sorted.bam	UKR_12Sep23.sorted.bam	0.5216220040547043	108818	140	90	0.9991729309489239	0.9987134481427705	0.07977748110546848
AmatoKR_2018__qiita_sid_11212_11212.JB1__bin.7.fa	XBO_28Jul23.sorted.bam	UND_12Sep23.sorted.bam	0.37027236131965463	49156	117	83	0.9983114980877207	0.9976198226055822	0.03603762117683111
AmatoKR_2018__qiita_sid_11212_11212.JB1__bin.7.fa	XBO_28Jul23.sorted.bam	YEE_11Sep23.sorted.bam	0.3684934367903019	49546	100	41	0.9991724861744641	0.997981673596254	0.0363235409477434
AmatoKR_2018__qiita_sid_11212_11212.JB1__bin.7.fa	XBO_28Jul23.sorted.bam	YIL_08Sep23.sorted.bam	0.4511502291170867	73504	87	42	0.9994286025250326	0.9988163909447105	0.0538878124131702
AmatoKR_2018__qiita_sid_11212_11212.JB1__bin.7.fa	YAP_26Jul23.sorted.bam	ETU_12Sep23.sorted.bam	0.37001907825953056	30087	52	26	0.999135839399076	0.998271678798152	0.022057610634455972
AmatoKR_2018__qiita_sid_11212_11212.JB1__bin.7.fa	YAP_26Jul23.sorted.bam	GOB_07Sep23.sorted.bam	0.43231025919219224	75452	112	27	0.9996421566028734	0.9985156125748821	0.05531594501249616
AmatoKR_2018__qiita_sid_11212_11212.JB1__bin.7.fa	YAP_26Jul23.sorted.bam	GOB_14Aug23.sorted.bam	0.4102491216820176	44744	78	25	0.9994412658680494	0.998256749508314	0.03280306212743371
AmatoKR_2018__qiita_sid_11212_11212.JB1__bin.7.fa	YAP_26Jul23.sorted.bam	IGL_07Sep23.sorted.bam	0.44396088870559053	69325	122	53	0.999235485034259	0.9982401730977281	0.05082407209870244
AmatoKR_2018__qiita_sid_11212_11212.JB1__bin.7.fa	YAP_26Jul23.sorted.bam	IKO_12Sep23.sorted.bam	0.42549805300132726	48957	87	31	0.9993667912658046	0.9982229303266131	0.035891728780904075
AmatoKR_2018__qiita_sid_11212_11212.JB1__bin.7.fa	YAP_26Jul23.sorted.bam	INT_07Sep23.sorted.bam	0.4442470419058269	78735	126	62	0.9992125484219216	0.9983996951800342	0.0577228029814834
AmatoKR_2018__qiita_sid_11212_11212.JB1__bin.7.fa	YAP_26Jul23.sorted.bam	RUI_04Sep23.sorted.bam	0.4406699670564586	57204	90	32	0.9994405985595413	0.9984266834487099	0.041937832244272256
AmatoKR_2018__qiita_sid_11212_11212.JB1__bin.7.fa	YAP_26Jul23.sorted.bam	TAK_07Sep23.sorted.bam	0.39560174601463594	34825	116	93	0.9973295046661881	0.9966690595836325	0.025531169287231335
AmatoKR_2018__qiita_sid_11212_11212.JB1__bin.7.fa	YAP_26Jul23.sorted.bam	UJA_07Sep23.sorted.bam	0.4075075120040444	36785	58	26	0.9992931901590322	0.9984232703547642	0.026968099417969984
AmatoKR_2018__qiita_sid_11212_11212.JB1__bin.7.fa	YAP_26Jul23.sorted.bam	UKR_12Sep23.sorted.bam	0.444988889977821	67551	131	69	0.9989785495403473	0.9980607244896449	0.049523503704860417
AmatoKR_2018__qiita_sid_11212_11212.JB1__bin.7.fa	YAP_26Jul23.sorted.bam	UND_12Sep23.sorted.bam	0.3684762924534559	31214	48	32	0.9989748189914782	0.9984622284872173	0.022883845459630694
AmatoKR_2018__qiita_sid_11212_11212.JB1__bin.7.fa	YAP_26Jul23.sorted.bam	XBO_28Jul23.sorted.bam	0.4185273435289183	61560	92	53	0.9991390513320337	0.9985055230669265	0.04513133614707713
AmatoKR_2018__qiita_sid_11212_11212.JB1__bin.7.fa	YAP_26Jul23.sorted.bam	YEE_11Sep23.sorted.bam	0.3783454733587723	35283	83	30	0.9991497321656322	0.9976475923249157	0.025866941736148837
AmatoKR_2018__qiita_sid_11212_11212.JB1__bin.7.fa	YAP_26Jul23.sorted.bam	YIL_08Sep23.sorted.bam	0.4001979936376958	46466	69	20	0.9995695777557784	0.9985150432574356	0.03406550788515409
AmatoKR_2018__qiita_sid_11212_11212.JB1__bin.7.fa	YAP_26Jul23.sorted.bam	YIL_09Aug23.sorted.bam	0.39188159462504424	84357	203	42	0.9995021160069704	0.9975935607003568	0.0618444464483266
AmatoKR_2018__qiita_sid_11212_11212.JB1__bin.7.fa	YEE_09Aug23.sorted.bam	ETU_12Sep23.sorted.bam	0.37038114107202186	49764	87	41	0.9991761112450768	0.9982517482517482	0.03648336276840718
AmatoKR_2018__qiita_sid_11212_11212.JB1__bin.7.fa	YEE_09Aug23.sorted.bam	GOB_07Sep23.sorted.bam	0.5705905368707073	141811	280	73	0.9994852303417929	0.998025541037014	0.10396556059702981
AmatoKR_2018__qiita_sid_11212_11212.JB1__bin.7.fa	YEE_09Aug23.sorted.bam	GOB_14Aug23.sorted.bam	0.4320914440965885	75761	158	32	0.999577619091617	0.9979144942648592	0.05554248144637281
AmatoKR_2018__qiita_sid_11212_11212.JB1__bin.7.fa	YEE_09Aug23.sorted.bam	IGL_07Sep23.sorted.bam	0.5468187747747633	122463	224	98	0.9991997582943419	0.998170876101353	0.08978100744930972
AmatoKR_2018__qiita_sid_11212_11212.JB1__bin.7.fa	YEE_09Aug23.sorted.bam	IKO_12Sep23.sorted.bam	0.4355675809560334	83192	151	68	0.999182613712857	0.9981849216270795	0.06099035277367837
AmatoKR_2018__qiita_sid_11212_11212.JB1__bin.7.fa	YEE_09Aug23.sorted.bam	INT_07Sep23.sorted.bam	0.5848615979488343	145962	295	127	0.999129910524657	0.9979789260218414	0.1070087733382013
AmatoKR_2018__qiita_sid_11212_11212.JB1__bin.7.fa	YEE_09Aug23.sorted.bam	RUI_04Sep23.sorted.bam	0.5156368114435061	101013	142	36	0.9996436102283864	0.9985942403453021	0.07405542004913421
AmatoKR_2018__qiita_sid_11212_11212.JB1__bin.7.fa	YEE_09Aug23.sorted.bam	TAK_07Sep23.sorted.bam	0.3826907116534894	55742	161	101	0.9981880808008324	0.9971116931577626	0.04086599966716006
AmatoKR_2018__qiita_sid_11212_11212.JB1__bin.7.fa	YEE_09Aug23.sorted.bam	UJA_07Sep23.sorted.bam	0.38418151515811083	58791	111	55	0.9990644826589103	0.9981119559116192	0.04310130577359993
AmatoKR_2018__qiita_sid_11212_11212.JB1__bin.7.fa	YEE_09Aug23.sorted.bam	UKR_12Sep23.sorted.bam	0.5456735801488695	122632	262	140	0.9988583730184617	0.9978635266488355	0.08990490601670505
AmatoKR_2018__qiita_sid_11212_11212.JB1__bin.7.fa	YEE_09Aug23.sorted.bam	UNA_15Aug23.sorted.bam	0.49015034060815443	197508	419	232	0.9988253640358872	0.9978785669441238	0.1447985695213923
AmatoKR_2018__qiita_sid_11212_11212.JB1__bin.7.fa	YEE_09Aug23.sorted.bam	UND_12Sep23.sorted.bam	0.38695489836975794	56576	89	43	0.9992399604072398	0.9984268947963801	0.04147742810034171
AmatoKR_2018__qiita_sid_11212_11212.JB1__bin.7.fa	YEE_09Aug23.sorted.bam	VIY_27Jul23.sorted.bam	0.3830403880143243	62077	165	85	0.9986307327995876	0.9973420107286113	0.04551036312544034
AmatoKR_2018__qiita_sid_11212_11212.JB1__bin.7.fa	YEE_09Aug23.sorted.bam	XBO_28Jul23.sorted.bam	0.5066591431038215	111676	205	110	0.9990150077008488	0.9981643325334002	0.08187275983692309
AmatoKR_2018__qiita_sid_11212_11212.JB1__bin.7.fa	YEE_09Aug23.sorted.bam	YAP_26Jul23.sorted.bam	0.4149046966278513	67825	94	40	0.9994102469590859	0.9986140803538518	0.049724380672116736
AmatoKR_2018__qiita_sid_11212_11212.JB1__bin.7.fa	YEE_09Aug23.sorted.bam	YEE_11Sep23.sorted.bam	0.36675003859225785	56222	123	38	0.9993241080004269	0.9978122443171712	0.041217900923667485
AmatoKR_2018__qiita_sid_11212_11212.JB1__bin.7.fa	YEE_09Aug23.sorted.bam	YIL_08Sep23.sorted.bam	0.44975008559953167	81356	167	58	0.99928708392743	0.9979472933772555	0.059644330467537476
AmatoKR_2018__qiita_sid_11212_11212.JB1__bin.7.fa	YEE_09Aug23.sorted.bam	YIL_09Aug23.sorted.bam	0.5592982624398327	164415	406	122	0.9992579752455676	0.9975306389319709	0.12053717726805858
AmatoKR_2018__qiita_sid_11212_11212.JB1__bin.7.fa	YEE_09Aug23.sorted.bam	YOD_19Aug23.sorted.bam	0.48351117845658736	95033	188	55	0.9994212536697779	0.9980217398166953	0.06967131689514588
AmatoKR_2018__qiita_sid_11212_11212.JB1__bin.7.fa	YEE_11Sep23.sorted.bam	ETU_12Sep23.sorted.bam	0.3871411224977087	26252	59	33	0.998742952917873	0.9977525521865	0.0192460662204852
AmatoKR_2018__qiita_sid_11212_11212.JB1__bin.7.fa	YEE_11Sep23.sorted.bam	INT_07Sep23.sorted.bam	0.37426443930062964	64036	120	45	0.9992972702854644	0.9981260540945718	0.04694656012856126
AmatoKR_2018__qiita_sid_11212_11212.JB1__bin.7.fa	YEE_11Sep23.sorted.bam	UKR_12Sep23.sorted.bam	0.37910321968782945	56101	125	61	0.9989126753533805	0.9977718757241404	0.041129192481922906
AmatoKR_2018__qiita_sid_11212_11212.JB1__bin.7.fa	YIL_08Sep23.sorted.bam	ETU_12Sep23.sorted.bam	0.393883559578391	38590	56	19	0.9995076444674786	0.9985488468515159	0.028291394767961442
AmatoKR_2018__qiita_sid_11212_11212.JB1__bin.7.fa	YIL_08Sep23.sorted.bam	IKO_12Sep23.sorted.bam	0.4230809409251529	58415	122	40	0.9993152443721647	0.9979114953351023	0.04282564978933578
AmatoKR_2018__qiita_sid_11212_11212.JB1__bin.7.fa	YIL_08Sep23.sorted.bam	INT_07Sep23.sorted.bam	0.4773072542842583	95249	133	38	0.9996010456802696	0.9986036598809437	0.06982967246057423
AmatoKR_2018__qiita_sid_11212_11212.JB1__bin.7.fa	YIL_08Sep23.sorted.bam	RUI_04Sep23.sorted.bam	0.4842855034961374	71421	108	28	0.9996079584435951	0.9984878397110094	0.05236070758545152
AmatoKR_2018__qiita_sid_11212_11212.JB1__bin.7.fa	YIL_08Sep23.sorted.bam	UKR_12Sep23.sorted.bam	0.4680090199184611	81015	154	63	0.9992223662284762	0.9980991174473863	0.05939433394989366
AmatoKR_2018__qiita_sid_11212_11212.JB1__bin.7.fa	YIL_08Sep23.sorted.bam	UND_12Sep23.sorted.bam	0.4038696338414438	41128	57	25	0.9993921416066913	0.9986140828632561	0.03015207266174445
AmatoKR_2018__qiita_sid_11212_11212.JB1__bin.7.fa	YIL_08Sep23.sorted.bam	YEE_11Sep23.sorted.bam	0.3903337556307368	39527	98	29	0.9992663242846662	0.9975206820654237	0.028978335345768644
AmatoKR_2018__qiita_sid_11212_11212.JB1__bin.7.fa	YIL_09Aug23.sorted.bam	ETU_12Sep23.sorted.bam	0.3336765537306679	62100	117	21	0.9996618357487923	0.9981159420289855	0.045527225060647984
AmatoKR_2018__qiita_sid_11212_11212.JB1__bin.7.fa	YIL_09Aug23.sorted.bam	GOB_07Sep23.sorted.bam	0.6113817657681866	183758	379	52	0.999717019122977	0.9979375047616974	0.13471806477769005
AmatoKR_2018__qiita_sid_11212_11212.JB1__bin.7.fa	YIL_09Aug23.sorted.bam	GOB_14Aug23.sorted.bam	0.41696886441745634	95888	171	16	0.999833138661772	0.9982166694476889	0.07029814100829974
AmatoKR_2018__qiita_sid_11212_11212.JB1__bin.7.fa	YIL_09Aug23.sorted.bam	IGL_07Sep23.sorted.bam	0.5505544597323938	153457	309	68	0.9995568791257485	0.997986406615534	0.11250356483304118
AmatoKR_2018__qiita_sid_11212_11212.JB1__bin.7.fa	YIL_09Aug23.sorted.bam	IKO_12Sep23.sorted.bam	0.4112442294773626	102230	215	50	0.999510906778832	0.9978968991489778	0.07494763635990408
AmatoKR_2018__qiita_sid_11212_11212.JB1__bin.7.fa	YIL_09Aug23.sorted.bam	INT_07Sep23.sorted.bam	0.6293654370653082	188908	359	77	0.9995923941812946	0.9980996040400618	0.13849367200896762
AmatoKR_2018__qiita_sid_11212_11212.JB1__bin.7.fa	YIL_09Aug23.sorted.bam	RUI_04Sep23.sorted.bam	0.4948940634913754	126456	251	41	0.999675776554691	0.9980151198835959	0.09270838602688086
AmatoKR_2018__qiita_sid_11212_11212.JB1__bin.7.fa	YIL_09Aug23.sorted.bam	TAK_07Sep23.sorted.bam	0.36303456639147974	69296	211	85	0.9987733779727546	0.9969550912029554	0.050802811397788444
AmatoKR_2018__qiita_sid_11212_11212.JB1__bin.7.fa	YIL_09Aug23.sorted.bam	UJA_07Sep23.sorted.bam	0.3607127907170495	73047	173	57	0.9992196804796911	0.997631661806782	0.05355277309187042
AmatoKR_2018__qiita_sid_11212_11212.JB1__bin.7.fa	YIL_09Aug23.sorted.bam	UKR_12Sep23.sorted.bam	0.5659838222216222	157618	347	99	0.9993718991485744	0.997798474793488	0.11555410885038991
AmatoKR_2018__qiita_sid_11212_11212.JB1__bin.7.fa	YIL_09Aug23.sorted.bam	UND_12Sep23.sorted.bam	0.34643410194159424	66332	121	38	0.9994271241632998	0.9981758427305072	0.048629821138855105
AmatoKR_2018__qiita_sid_11212_11212.JB1__bin.7.fa	YIL_09Aug23.sorted.bam	XBO_28Jul23.sorted.bam	0.5146177698766865	141229	260	83	0.999412302005962	0.998159018331929	0.10353888032351455
AmatoKR_2018__qiita_sid_11212_11212.JB1__bin.7.fa	YIL_09Aug23.sorted.bam	YEE_11Sep23.sorted.bam	0.337408108344572	68440	182	56	0.9991817650496786	0.9973407364114553	0.050175254157016874
AmatoKR_2018__qiita_sid_11212_11212.JB1__bin.7.fa	YIL_09Aug23.sorted.bam	YIL_08Sep23.sorted.bam	0.431729718141012	102734	171	15	0.9998539918624798	0.9983355072322697	0.07531713267923687
AmatoKR_2018__qiita_sid_11212_11212.JB1__bin.7.fa	YOD_19Aug23.sorted.bam	ETU_12Sep23.sorted.bam	0.3877805119204056	41236	45	12	0.9997089921427879	0.9989087205354544	0.030231250444458617
AmatoKR_2018__qiita_sid_11212_11212.JB1__bin.7.fa	YOD_19Aug23.sorted.bam	GOB_07Sep23.sorted.bam	0.49762300479188165	104309	234	42	0.999597350180713	0.9977566652925443	0.07647180867715186
AmatoKR_2018__qiita_sid_11212_11212.JB1__bin.7.fa	YOD_19Aug23.sorted.bam	GOB_14Aug23.sorted.bam	0.4202235648905453	57650	114	25	0.9995663486556808	0.9980225498699046	0.04226480716177707
AmatoKR_2018__qiita_sid_11212_11212.JB1__bin.7.fa	YOD_19Aug23.sorted.bam	IGL_07Sep23.sorted.bam	0.4942517825657483	90113	157	38	0.9995783072364698	0.9982577430559408	0.06606432901594479
AmatoKR_2018__qiita_sid_11212_11212.JB1__bin.7.fa	YOD_19Aug23.sorted.bam	IKO_12Sep23.sorted.bam	0.4309235604735068	63335	72	8	0.9998736875345385	0.998863187810847	0.04643263766853688
AmatoKR_2018__qiita_sid_11212_11212.JB1__bin.7.fa	YOD_19Aug23.sorted.bam	INT_07Sep23.sorted.bam	0.5076501297011015	108695	110	16	0.9998527991167947	0.9989879939279636	0.07968730640848845
AmatoKR_2018__qiita_sid_11212_11212.JB1__bin.7.fa	YOD_19Aug23.sorted.bam	RUI_04Sep23.sorted.bam	0.4805951301794975	77471	146	28	0.9996385744343045	0.998115423836016	0.05679612967268051
AmatoKR_2018__qiita_sid_11212_11212.JB1__bin.7.fa	YOD_19Aug23.sorted.bam	TAK_07Sep23.sorted.bam	0.38179247012557654	43760	128	69	0.9984232175502742	0.9970749542961609	0.03208166455159349
AmatoKR_2018__qiita_sid_11212_11212.JB1__bin.7.fa	YOD_19Aug23.sorted.bam	UJA_07Sep23.sorted.bam	0.38601185254586984	45206	70	10	0.9997787904260497	0.9984515329823475	0.03314176708682211
AmatoKR_2018__qiita_sid_11212_11212.JB1__bin.7.fa	YOD_19Aug23.sorted.bam	UKR_12Sep23.sorted.bam	0.4905628252886321	92758	151	41	0.9995579896073654	0.9983721080661506	0.06800345156482425
AmatoKR_2018__qiita_sid_11212_11212.JB1__bin.7.fa	YOD_19Aug23.sorted.bam	UND_12Sep23.sorted.bam	0.3953232584255476	44176	83	34	0.9992303513219848	0.9981211517566099	0.03238664564056659
AmatoKR_2018__qiita_sid_11212_11212.JB1__bin.7.fa	YOD_19Aug23.sorted.bam	XBO_28Jul23.sorted.bam	0.4588270330592016	83112	93	22	0.9997352969486958	0.9988810280103956	0.06093170256426047
AmatoKR_2018__qiita_sid_11212_11212.JB1__bin.7.fa	YOD_19Aug23.sorted.bam	YAP_26Jul23.sorted.bam	0.41429234495428585	53287	119	47	0.9991179837483815	0.9977668099161147	0.039066171365648134
AmatoKR_2018__qiita_sid_11212_11212.JB1__bin.7.fa	YOD_19Aug23.sorted.bam	YEE_11Sep23.sorted.bam	0.39386335769784825	45582	100	30	0.9993418454653152	0.9978061515510509	0.03341742307108626
AmatoKR_2018__qiita_sid_11212_11212.JB1__bin.7.fa	YOD_19Aug23.sorted.bam	YIL_08Sep23.sorted.bam	0.43461106088547163	62962	137	45	0.9992852831866841	0.9978240843683491	0.046159181067125896
AmatoKR_2018__qiita_sid_11212_11212.JB1__bin.7.fa	YOD_19Aug23.sorted.bam	YIL_09Aug23.sorted.bam	0.47551170022049055	120750	304	68	0.9994368530020704	0.9974824016563147	0.08852515984014886
